BAC009S0724W0122	广州市房地产中介协会还表示
BAC009S0724W0152	七月广州二手住宅市场当中
BAC009S0724W0196	以陈晓蕊名义开立并实际控制个人证券账户
BAC009S0724W0232	吴建敏作为利安达会计师事务所有限责任公司合伙人
BAC009S0724W0272	非死磕就是个鲜活的例子
BAC009S0724W0318	非金属有塑料碳纤维尼龙等
BAC009S0724W0364	帕奎奥并不想成为世界上收入最高的体育明星
BAC009S0724W0403	退役之后将全身心投入政坛
BAC009S0724W0433	购买商品的账号一旦进入流通环节
BAC009S0724W0464	故宫慈宁宫区域将于明日起正式对公众开放
BAC009S0725W0127	南沙得益于自贸区挂牌的利好
BAC009S0725W0168	但是显性风险相对比较小
BAC009S0725W0202	应尽快明确交强险经营模式
BAC009S0725W0237	划分不同的地域等级
BAC009S0725W0264	因为不需要自己生产
BAC009S0725W0303	李易中和前两年相比
BAC009S0725W0365	本次马拉松赛事总规模为一万人
BAC009S0725W0401	疼痛位置疼痛处在膝盖里面
BAC009S0725W0436	即将到来的十一黄金周
BAC009S0725W0465	针对国庆长假的游客爆棚情况
BAC009S0726W0141	而天津提供优惠利率的银行数量也翻了一番
BAC009S0726W0190	纪检监察机关加大对失职渎职人员责任追究力度
BAC009S0726W0224	要开做好交通环保领域和农村环保领域的减排工作。
BAC009S0726W0276	福特另一项测试还允许多个司机共享一辆汽车
BAC009S0726W0319	中国平安董事长马明泽以一千零九十万元面
BAC009S0726W0348	疼痛背部跑完步之后
BAC009S0726W0385	与二零零一年十月二十不同
BAC009S0726W0418	道尽为人妻为人母的喜悦
BAC009S0726W0444	京华时报记者高志宏是昨天是长假第一天
BAC009S0726W0470	有人在故宫铜缸上画新刻人样
BAC009S0727W0140	四个一线城市今年总土地成交金额达到四千亿元
BAC009S0727W0172	折合楼板价六万元
BAC009S0727W0197	且广东等地的试点表明
BAC009S0727W0235	以药补医已成为公立医院改革中颇受关注的话题
BAC009S0727W0271	可以让一个瘫痪的人向外界表达想法
BAC009S0727W0309	该公司不再以个人消费品为重点
BAC009S0727W0347	却遇到了一个更大的麻烦
BAC009S0727W0384	助力国家体育事业发展
BAC009S0727W0418	大时代里
BAC009S0727W0450	网友图片南都讯记者陈海燕于一日上午九点三零分许
BAC009S0727W0485	现学校证明应对其处罚决定
BAC009S0728W0149	未来市场将出现分化
BAC009S0728W0208	卫生部卫生发展研究中心副研究员黄二丹说
BAC009S0728W0252	即杜绝非法经营保险业务或非法设立保险机构
BAC009S0728W0299	该公司将开放数千项氢和燃料电池相关专利
BAC009S0728W0341	如今反兴奋剂检查越来越严格
BAC009S0728W0373	科研人员通过食疗营养补充
BAC009S0728W0413	演艺事业全面成功
BAC009S0728W0447	黄冈市通报了六起落实两个责任不力典型案例
BAC009S0728W0476	解释组合分析等原理如图
BAC009S0729W0131	爱屋吉屋创始人李永进表示
BAC009S0729W0174	同时也为自己的发展开拓新的空间
BAC009S0729W0208	我们三个机构之间也在加强这些方面的合作
BAC009S0729W0240	规定了临床常用剂型之间的比价关系
BAC009S0729W0283	甚至是用户在看其他显示屏例如电视机
BAC009S0729W0331	他说成功主要有几个原因一是赶上了一个大时代
BAC009S0729W0369	内陆和西部的体育运动队伙食补贴标准稍低
BAC009S0729W0427	但从他以构思婚礼形式看来
BAC009S0729W0471	农村学生还交城镇居民医疗保险
BAC009S0730W0152	搜一代则在深圳佳兆业楼盘的首富一代全军覆没
BAC009S0730W0186	房地产只占其半壁江山
BAC009S0730W0214	如果客户认购十万元银行理财产品
BAC009S0730W0250	事实上可以以此类推
BAC009S0730W0290	这件小巧修身背心采用了先进的聚拢面料。
BAC009S0730W0330	朱立南回复南都记者表示
BAC009S0730W0368	午餐也是潇洒地走到哪吃到哪
BAC009S0730W0412	巡演开场以蛇妖眉杜莎造型惊艳全场
BAC009S0730W0451	禁止使用任何可能损害学生心理健康的仪器设备
BAC009S0730W0488	现场好比香港古惑仔片
BAC009S0731W0160	公司今年设立了北京民金所金融互联网有限公司
BAC009S0731W0211	其次更是对发行人诚信的市场化约束
BAC009S0731W0244	周望轩就落实控价
BAC009S0731W0304	才会增加比较大的投资
BAC009S0731W0341	有一名五旬选手突然倒地心跳骤停
BAC009S0731W0406	出演这个颇具挑战性的角色
BAC009S0731W0439	让账户资金已经翻了两倍
BAC009S0731W0466	资料来源甘肃省卫计委制图张方曼
BAC009S0732W0127	家园云贷产品共计放贷一万笔
BAC009S0732W0171	当天上午十时开始正式选房
BAC009S0732W0216	要依托现有产业基础
